flag;this;depth;left;right;objects;volume
[DBG] ;0x1378880;0;0x13801f0;0x1380260;0;9.16843
[DBG] ;0x13801f0;1;0x1388670;0x13886e0;0;2.59336
[DBG] ;0x1388670;2;0x1388750;0x13887c0;0;1.13202
[DBG] ;0x1388750;3;0;0;6;0.482926
[DBG] ;0x13887c0;3;0;0;7;0.649095
[DBG] ;0x13886e0;2;0x1388830;0x13888a0;0;1.46134
[DBG] ;0x1388830;3;0x1388910;0x1388980;0;0.589898
[DBG] ;0x1388910;4;0x13889f0;0x1388a60;0;0.589898
[DBG] ;0x13889f0;5;0x1388ad0;0x1388b40;0;0.0623134
[DBG] ;0x1388ad0;6;0x1388bb0;0x1388c20;0;0.0623134
[DBG] ;0x1388bb0;7;0x1388c90;0x1388d00;0;0.0623134
[DBG] ;0x1388c90;8;0x1388d70;0x1388de0;0;0.0623134
[DBG] ;0x1388d70;9;0x1388e50;0x1388ec0;0;0.0623134
[DBG] ;0x1388e50;10;0x1388f30;0x1388fa0;0;0.0623134
[DBG] ;0x1388f30;11;0x1389010;0x1389080;0;0.0623134
[DBG] ;0x1389010;12;0x13890f0;0x1389160;0;0.0623134
[DBG] ;0x13890f0;13;0x13891d0;0x1389240;0;0.0623134
[DBG] ;0x13891d0;14;0x13892b0;0x1389320;0;0.0623134
[DBG] ;0x13892b0;15;0;0;37;0.0623134
[DBG] ;0x1389320;15;0;0;12;0
[DBG] ;0x1389240;14;0x1389390;0x1389400;0;0
[DBG] ;0x1389390;15;0;0;17;0
[DBG] ;0x1389400;15;0;0;16;0
[DBG] ;0x1389160;13;0;0;3;0
[DBG] ;0x1389080;12;0x1389470;0x13894e0;0;0
[DBG] ;0x1389470;13;0;0;7;0
[DBG] ;0x13894e0;13;0;0;7;0
[DBG] ;0x1388fa0;11;0x1389550;0x13895c0;0;0
[DBG] ;0x1389550;12;0x1389630;0x13896a0;0;0
[DBG] ;0x1389630;13;0x1389710;0x1389780;0;0
[DBG] ;0x1389710;14;0x13897f0;0x1389860;0;0.103991
[DBG] ;0x13897f0;15;0;0;16;0.103991
[DBG] ;0x1389860;15;0;0;9;0
[DBG] ;0x1389780;14;0;0;4;-0.103991
[DBG] ;0x13896a0;13;0;0;1;0
[DBG] ;0x13895c0;12;0x13898d0;0x1389940;0;0
[DBG] ;0x13898d0;13;0;0;9;0
[DBG] ;0x1389940;13;0;0;9;0
[DBG] ;0x1388ec0;10;0;0;3;0
[DBG] ;0x1388de0;9;0x13899b0;0x1389a20;0;0
[DBG] ;0x13899b0;10;0;0;7;0
[DBG] ;0x1389a20;10;0;0;7;0
[DBG] ;0x1388d00;8;0x1389a90;0x1389b00;0;0
[DBG] ;0x1389a90;9;0x1389b70;0x1389be0;0;0
[DBG] ;0x1389b70;10;0x1389c50;0x1389cc0;0;0
[DBG] ;0x1389c50;11;0x1389d30;0x1389da0;0;0.103991
[DBG] ;0x1389d30;12;0x1389e10;0x1389e80;0;0.103991
[DBG] ;0x1389e10;13;0x1389ef0;0x1389f60;0;0.103991
[DBG] ;0x1389ef0;14;0x1389fd0;0x138a040;0;0.103991
[DBG] ;0x1389fd0;15;0;0;16;0.103991
[DBG] ;0x138a040;15;0;0;9;0
[DBG] ;0x1389f60;14;0;0;4;0
[DBG] ;0x1389e80;13;0;0;0;0
[DBG] ;0x1389da0;12;0;0;9;0
[DBG] ;0x1389cc0;11;0;0;4;-0.103991
[DBG] ;0x1389be0;10;0;0;1;0
[DBG] ;0x1389b00;9;0x138a0b0;0x138a120;0;0
[DBG] ;0x138a0b0;10;0;0;9;0
[DBG] ;0x138a120;10;0;0;9;0
[DBG] ;0x1388c20;7;0;0;3;0
[DBG] ;0x1388b40;6;0x138a190;0x138a200;0;0
[DBG] ;0x138a190;7;0;0;7;0
[DBG] ;0x138a200;7;0;0;7;0
[DBG] ;0x1388a60;5;0x138a270;0x138a2e0;0;0.527584
[DBG] ;0x138a270;6;0x138a350;0x138a3c0;0;0.401683
[DBG] ;0x138a350;7;0x138a430;0x138a4a0;0;0.377339
[DBG] ;0x138a430;8;0x138a510;0x138a580;0;0.103991
[DBG] ;0x138a510;9;0x138a5f0;0x138a660;0;0.103991
[DBG] ;0x138a5f0;10;0x138a6d0;0x138a740;0;0.103991
[DBG] ;0x138a6d0;11;0x138a7b0;0x138a820;0;0.103991
[DBG] ;0x138a7b0;12;0x138a890;0x138a900;0;0.103991
[DBG] ;0x138a890;13;0x138a970;0x138a9e0;0;0.103991
[DBG] ;0x138a970;14;0x138aa50;0x138aac0;0;0.103991
[DBG] ;0x138aa50;15;0;0;56;0.103991
[DBG] ;0x138aac0;15;0;0;15;0
[DBG] ;0x138a9e0;14;0x138ab30;0x138aba0;0;0
[DBG] ;0x138ab30;15;0;0;24;0
[DBG] ;0x138aba0;15;0;0;2;0
[DBG] ;0x138a900;13;0;0;2;0
[DBG] ;0x138a820;12;0x138ac10;0x138ac80;0;0
[DBG] ;0x138ac10;13;0x138acf0;0x138ad60;0;0
[DBG] ;0x138acf0;14;0;0;10;0
[DBG] ;0x138ad60;14;0;0;8;0
[DBG] ;0x138ac80;13;0;0;4;0
[DBG] ;0x138a740;11;0x138add0;0x138ae40;0;0
[DBG] ;0x138add0;12;0x138aeb0;0x138af20;0;0
[DBG] ;0x138aeb0;13;0x138af90;0x138b000;0;0
[DBG] ;0x138af90;14;0x138b070;0x138b0e0;0;0.0364206
[DBG] ;0x138b070;15;0;0;23;0.0364206
[DBG] ;0x138b0e0;15;0;0;2;0
[DBG] ;0x138b000;14;0;0;7;-0.0364206
[DBG] ;0x138af20;13;0;0;1;0
[DBG] ;0x138ae40;12;0;0;2;0
[DBG] ;0x138a660;10;0;0;2;0
[DBG] ;0x138a580;9;0x138b150;0x138b1c0;0;0
[DBG] ;0x138b150;10;0x138b230;0x138b2a0;0;0
[DBG] ;0x138b230;11;0;0;10;0
[DBG] ;0x138b2a0;11;0;0;8;0
[DBG] ;0x138b1c0;10;0;0;4;0
[DBG] ;0x138a4a0;8;0x138b310;0x138b380;0;0.273348
[DBG] ;0x138b310;9;0x138b3f0;0x138b460;0;0.273348
[DBG] ;0x138b3f0;10;0x138b4d0;0x138b540;0;0.223381
[DBG] ;0x138b4d0;11;0x138b5b0;0x138b620;0;0.0364206
[DBG] ;0x138b5b0;12;0x138b690;0x138b700;0;0.0364206
[DBG] ;0x138b690;13;0x138b770;0x138b7e0;0;0.0364206
[DBG] ;0x138b770;14;0x138b850;0x138b8c0;0;0.0364206
[DBG] ;0x138b850;15;0;0;40;0.0364206
[DBG] ;0x138b8c0;15;0;0;10;0
[DBG] ;0x138b7e0;14;0x138b930;0x138b9a0;0;0
[DBG] ;0x138b930;15;0;0;19;0
[DBG] ;0x138b9a0;15;0;0;3;-0
[DBG] ;0x138b700;13;0;0;1;0
[DBG] ;0x138b620;12;0;0;10;0
[DBG] ;0x138b540;11;0x138ba10;0x138ba80;0;0.18696
[DBG] ;0x138ba10;12;0x138baf0;0x138bb60;0;0.220446
[DBG] ;0x138baf0;13;0x138bbd0;0x138bc40;0;0.220446
[DBG] ;0x138bbd0;14;0x138bcb0;0x138bd20;0;0.00858897
[DBG] ;0x138bcb0;15;0;0;20;0.00858897
[DBG] ;0x138bd20;15;0;0;3;0
[DBG] ;0x138bc40;14;0x138bd90;0x138be00;0;0.211857
[DBG] ;0x138bd90;15;0;0;6;0.120678
[DBG] ;0x138be00;15;0;0;24;0.0911789
[DBG] ;0x138bb60;13;0;0;3;0
[DBG] ;0x138ba80;12;0;0;5;-0.0334854
[DBG] ;0x138b460;10;0;0;5;0.0499669
[DBG] ;0x138b380;9;0x138be70;0x138bee0;0;0
[DBG] ;0x138be70;10;0x138bf50;0x138bfc0;0;0
[DBG] ;0x138bf50;11;0x138c030;0x138c0a0;0;0
[DBG] ;0x138c030;12;0x138c110;0x138c180;0;0.00782776
[DBG] ;0x138c110;13;0x138c1f0;0x138c260;0;0.00782776
[DBG] ;0x138c1f0;14;0x138c2d0;0x138c340;0;0.00782776
[DBG] ;0x138c2d0;15;0;0;11;0.00782776
[DBG] ;0x138c340;15;0;0;3;0
[DBG] ;0x138c260;14;0;0;6;0
[DBG] ;0x138c180;13;0;0;0;0
[DBG] ;0x138c0a0;12;0;0;3;-0.00782776
[DBG] ;0x138bfc0;11;0x138c3b0;0x138c420;0;0
[DBG] ;0x138c3b0;12;0x138c490;0x138c500;0;0.0321808
[DBG] ;0x138c490;13;0;0;9;0.0275231
[DBG] ;0x138c500;13;0;0;4;0.00465772
[DBG] ;0x138c420;12;0;0;4;-0.0321808
[DBG] ;0x138bee0;10;0;0;2;0
[DBG] ;0x138a3c0;7;0;0;9;0.0243444
[DBG] ;0x138a2e0;6;0x138c570;0x138c5e0;0;0.125901
[DBG] ;0x138c570;7;0x138c650;0x138c6c0;0;0.0966513
[DBG] ;0x138c650;8;0x138c730;0x138c7a0;0;0.0403348
[DBG] ;0x138c730;9;0x138c810;0x138c880;0;0.0230484
[DBG] ;0x138c810;10;0x138c8f0;0x138c960;0;0.0230484
[DBG] ;0x138c8f0;11;0x138c9d0;0x138ca40;0;0.0230484
[DBG] ;0x138c9d0;12;0x138cab0;0x138cb20;0;0.0230484
[DBG] ;0x138cab0;13;0x138cb90;0x138cc00;0;0.0230484
[DBG] ;0x138cb90;14;0x138cc70;0x138cce0;0;0.0230484
[DBG] ;0x138cc70;15;0;0;51;0.0230484
[DBG] ;0x138cce0;15;0;0;18;0
[DBG] ;0x138cc00;14;0;0;9;0
[DBG] ;0x138cb20;13;0x138cd50;0x138cdc0;0;0
[DBG] ;0x138cd50;14;0x138ce30;0x138cea0;0;0
[DBG] ;0x138ce30;15;0;0;5;0
[DBG] ;0x138cea0;15;0;0;10;0
[DBG] ;0x138cdc0;14;0;0;1;0
[DBG] ;0x138ca40;12;0x138cf10;0x138cf80;0;0
[DBG] ;0x138cf10;13;0x138cff0;0x138d060;0;0
[DBG] ;0x138cff0;14;0x138d0d0;0x138d140;0;0
[DBG] ;0x138d0d0;15;0;0;18;0.00768279
[DBG] ;0x138d140;15;0;0;7;-0.00768279
[DBG] ;0x138d060;14;0;0;5;0
[DBG] ;0x138cf80;13;0;0;5;0
[DBG] ;0x138c960;11;0;0;9;0
[DBG] ;0x138c880;10;0x138d1b0;0x138d220;0;0
[DBG] ;0x138d1b0;11;0x138d290;0x138d300;0;0
[DBG] ;0x138d290;12;0;0;5;0
[DBG] ;0x138d300;12;0;0;10;0
[DBG] ;0x138d220;11;0;0;1;0
[DBG] ;0x138c7a0;9;0x138d370;0x138d3e0;0;0.0172864
[DBG] ;0x138d370;10;0x138d450;0x138d4c0;0;0.0172864
[DBG] ;0x138d450;11;0x138d530;0x138d5a0;0;0.0172864
[DBG] ;0x138d530;12;0x138d610;0x138d680;0;0.00768279
[DBG] ;0x138d610;13;0x138d6f0;0x138d760;0;0.00768279
[DBG] ;0x138d6f0;14;0x138d7d0;0x138d840;0;0.00768279
[DBG] ;0x138d7d0;15;0;0;23;0.00768279
[DBG] ;0x138d840;15;0;0;10;0
[DBG] ;0x138d760;14;0;0;5;0
[DBG] ;0x138d680;13;0;0;6;0
[DBG] ;0x138d5a0;12;0x138d8b0;0x138d920;0;0.00960361
[DBG] ;0x138d8b0;13;0x138d990;0x138da00;0;0.0104882
[DBG] ;0x138d990;14;0x138da70;0x138dae0;0;0.00831136
[DBG] ;0x138da70;15;0;0;11;0.033245
[DBG] ;0x138dae0;15;0;0;0;-0.0249336
[DBG] ;0x138da00;14;0;0;4;0.0021768
[DBG] ;0x138d920;13;0;0;0;-0.000884551
[DBG] ;0x138d4c0;11;0;0;6;0
[DBG] ;0x138d3e0;10;0;0;7;0
[DBG] ;0x138c6c0;8;0x138db50;0x138dbc0;0;0.0563166
[DBG] ;0x138db50;9;0x138dc30;0x138dca0;0;0.0321808
[DBG] ;0x138dc30;10;0x138dd10;0x138dd80;0;0.0275231
[DBG] ;0x138dd10;11;0;0;9;0.00148773
[DBG] ;0x138dd80;11;0;0;7;0.0260353
[DBG] ;0x138dca0;10;0;0;4;0.00465772
[DBG] ;0x138dbc0;9;0;0;9;0.0241358
[DBG] ;0x138c5e0;7;0x138ddf0;0x138de60;0;0.0292498
[DBG] ;0x138ddf0;8;0x138ded0;0x138df40;0;0.0052972
[DBG] ;0x138ded0;9;0;0;6;0.000268407
[DBG] ;0x138df40;9;0x138dfb0;0x138e020;0;0.00502879
[DBG] ;0x138dfb0;10;0x138e090;0x138e100;0;0.000437312
[DBG] ;0x138e090;11;0;0;10;0.000247176
[DBG] ;0x138e100;11;0;0;6;0.000190136
[DBG] ;0x138e020;10;0;0;10;0.00459148
[DBG] ;0x138de60;8;0;0;9;0.0239526
[DBG] ;0x1388980;4;0x138e170;0x138e1e0;0;0
[DBG] ;0x138e170;5;0;0;4;0
[DBG] ;0x138e1e0;5;0;0;8;0
[DBG] ;0x13888a0;3;0x138e250;0x138e2c0;0;0.871439
[DBG] ;0x138e250;4;0x138e330;0x138e3a0;0;0.668983
[DBG] ;0x138e330;5;0;0;4;0.0141337
[DBG] ;0x138e3a0;5;0x138e410;0x138e480;0;0.654849
[DBG] ;0x138e410;6;0x138e4f0;0x138e560;0;0.0755593
[DBG] ;0x138e4f0;7;0x138e5d0;0x138e640;0;0.0825187
[DBG] ;0x138e5d0;8;0x138e6b0;0x138e720;0;0.0320576
[DBG] ;0x138e6b0;9;0x138e790;0x138e800;0;0.0320576
[DBG] ;0x138e790;10;0x138e870;0x138e8e0;0;0.0320576
[DBG] ;0x138e870;11;0x138e950;0x138e9c0;0;0.0320576
[DBG] ;0x138e950;12;0x138ea30;0x138eaa0;0;0.0320576
[DBG] ;0x138ea30;13;0x138eb10;0x138eb80;0;0.0320576
[DBG] ;0x138eb10;14;0x138ebf0;0x138ec60;0;0.0320576
[DBG] ;0x138ebf0;15;0;0;15;0.0320576
[DBG] ;0x138ec60;15;0;0;2;0
[DBG] ;0x138eb80;14;0;0;3;0
[DBG] ;0x138eaa0;13;0;0;2;0
[DBG] ;0x138e9c0;12;0;0;2;0
[DBG] ;0x138e8e0;11;0;0;3;0
[DBG] ;0x138e800;10;0;0;2;0
[DBG] ;0x138e720;9;0;0;2;0
[DBG] ;0x138e640;8;0;0;8;0.0504611
[DBG] ;0x138e560;7;0;0;5;-0.00695947
[DBG] ;0x138e480;6;0x138ecd0;0x138ed40;0;0.57929
[DBG] ;0x138ecd0;7;0x138edb0;0x138ee20;0;0.625024
[DBG] ;0x138edb0;8;0x138ee90;0x138ef00;0;0.242815
[DBG] ;0x138ee90;9;0;0;3;0.0274488
[DBG] ;0x138ef00;9;0x138ef70;0x138efe0;0;0.215366
[DBG] ;0x138ef70;10;0x138f050;0x138f0c0;0;0.215366
[DBG] ;0x138f050;11;0;0;10;0.171495
[DBG] ;0x138f0c0;11;0;0;8;0.0438707
[DBG] ;0x138efe0;10;0;0;3;0
[DBG] ;0x138ee20;8;0x138f130;0x138f1a0;0;0.382209
[DBG] ;0x138f130;9;0;0;8;0.0731184
[DBG] ;0x138f1a0;9;0x138f210;0x138f280;0;0.309091
[DBG] ;0x138f210;10;0x138f2f0;0x138f360;0;0.309091
[DBG] ;0x138f2f0;11;0x138f3d0;0x138f440;0;0.112727
[DBG] ;0x138f3d0;12;0;0;5;0.0327274
[DBG] ;0x138f440;12;0x138f4b0;0x138f520;0;0.0800001
[DBG] ;0x138f4b0;13;0x138f590;0x138f600;0;0.0800001
[DBG] ;0x138f590;14;0;0;7;0.0283872
[DBG] ;0x138f600;14;0;0;8;0.0516128
[DBG] ;0x138f520;13;0;0;5;0
[DBG] ;0x138f360;11;0;0;1;0.196364
[DBG] ;0x138f280;10;0;0;7;0
[DBG] ;0x138ed40;7;0x138f670;0x138f6e0;0;-0.0457343
[DBG] ;0x138f670;8;0x138f750;0x138f7c0;0;-0.0358636
[DBG] ;0x138f750;9;0;0;2;-0.00405417
[DBG] ;0x138f7c0;9;0x138f830;0x138f8a0;0;-0.0318094
[DBG] ;0x138f830;10;0x138f910;0x138f980;0;0.0583158
[DBG] ;0x138f910;11;0x138f9f0;0x138fa60;0;0.0551058
[DBG] ;0x138f9f0;12;0;0;2;0.00486224
[DBG] ;0x138fa60;12;0;0;10;0.0502435
[DBG] ;0x138f980;11;0;0;0;0.00321005
[DBG] ;0x138f8a0;10;0;0;5;-0.0901252
[DBG] ;0x138f6e0;8;0;0;0;-0.00987072
[DBG] ;0x138e2c0;4;0x138fad0;0x138fb40;0;0.202456
[DBG] ;0x138fad0;5;0x138fdd0;0x138fe40;0;0.0299406
[DBG] ;0x138fdd0;6;0;0;9;0.00276375
[DBG] ;0x138fe40;6;0x138feb0;0x138ff20;0;0.0271768
[DBG] ;0x138feb0;7;0x138ff90;0x1390000;0;0.00827126
[DBG] ;0x138ff90;8;0x1390070;0x13900e0;0;0.0224506
[DBG] ;0x1390070;9;0;0;7;0.000570766
[DBG] ;0x13900e0;9;0x1390150;0x13901c0;0;0.0218798
[DBG] ;0x1390150;10;0x1390230;0x13902a0;0;0.0187544
[DBG] ;0x1390230;11;0x1390310;0x1390380;0;0.0187544
[DBG] ;0x1390310;12;0;0;6;0.00212007
[DBG] ;0x1390380;12;0x13903f0;0x1390460;0;0.0166343
[DBG] ;0x13903f0;13;0x13904d0;0x1390540;0;0.0166343
[DBG] ;0x13904d0;14;0x13905b0;0x1390620;0;0.0134242
[DBG] ;0x13905b0;15;0;0;6;0.000263203
[DBG] ;0x1390620;15;0;0;7;0.013161
[DBG] ;0x1390540;14;0;0;0;0.00321011
[DBG] ;0x1390460;13;0;0;9;0
[DBG] ;0x13902a0;11;0;0;0;0
[DBG] ;0x13901c0;10;0;0;10;0.00312547
[DBG] ;0x1390000;8;0;0;0;-0.0141793
[DBG] ;0x138ff20;7;0x1390690;0x1390700;0;0.0189056
[DBG] ;0x1390690;8;0x1390770;0x13907e0;0;0.0117034
[DBG] ;0x1390770;9;0;0;3;0.00178526
[DBG] ;0x13907e0;9;0x1390850;0x13908c0;0;0.00991816
[DBG] ;0x1390850;10;0x1390970;0x13909e0;0;0.0247954
[DBG] ;0x1390970;11;0x1390a90;0x1390b00;0;0.0305176
[DBG] ;0x1390a90;12;0;0;4;0.0134277
[DBG] ;0x1390b00;12;0;0;9;0.0170898
[DBG] ;0x13909e0;11;0;0;7;-0.00572217
[DBG] ;0x13908c0;10;0;0;2;-0.0148772
[DBG] ;0x1390700;8;0x1390bf0;0x1390c60;0;0.00720214
[DBG] ;0x1390bf0;9;0;0;4;0.00378417
[DBG] ;0x1390c60;9;0;0;10;0.00341797
[DBG] ;0x138fb40;5;0x1390cd0;0x1390d40;0;0.172515
[DBG] ;0x1390cd0;6;0;0;10;0.0199055
[DBG] ;0x1390d40;6;0x13915f0;0x1391660;0;0.15261
[DBG] ;0x13915f0;7;0x13917d0;0x1391840;0;0.0398119
[DBG] ;0x13917d0;8;0x13918b0;0x1391920;0;0.0118449
[DBG] ;0x13918b0;9;0;0;2;0.00133899
[DBG] ;0x1391920;9;0x1391990;0x1391a00;0;0.0105059
[DBG] ;0x1391990;10;0x1391a70;0x1391ae0;0;0.0105059
[DBG] ;0x1391a70;11;0;0;10;0.00729577
[DBG] ;0x1391ae0;11;0;0;7;0.00321011
[DBG] ;0x1391a00;10;0;0;7;0
[DBG] ;0x1391840;8;0x1391b50;0x1391bc0;0;0.0279671
[DBG] ;0x1391b50;9;0;0;6;0.0119164
[DBG] ;0x1391bc0;9;0x1391c30;0x1391ca0;0;0.0160506
[DBG] ;0x1391c30;10;0x1391d10;0x1391d80;0;0.0160506
[DBG] ;0x1391d10;11;0;0;7;0.00207715
[DBG] ;0x1391d80;11;0;0;7;0.0139735
[DBG] ;0x1391ca0;10;0;0;8;0
[DBG] ;0x1391660;7;0x1391df0;0x1391e60;0;0.112798
[DBG] ;0x1391df0;8;0x13921d0;0x1392240;0;0.0615262
[DBG] ;0x13921d0;9;0x1392450;0x13924c0;0;0.0411958
[DBG] ;0x1392450;10;0x1392530;0x13925a0;0;0.0823916
[DBG] ;0x1392530;11;0x1392610;0x1392680;0;0.0823916
[DBG] ;0x1392610;12;0x13926f0;0x1392760;0;0.0823916
[DBG] ;0x13926f0;13;0x13927d0;0x1392840;0;0.0823916
[DBG] ;0x13927d0;14;0x13928b0;0x1392920;0;0.0823916
[DBG] ;0x13928b0;15;0;0;19;0.0823916
[DBG] ;0x1392920;15;0;0;8;0
[DBG] ;0x1392840;14;0;0;6;0
[DBG] ;0x1392760;13;0;0;4;0
[DBG] ;0x1392680;12;0;0;8;0
[DBG] ;0x13925a0;11;0;0;6;0
[DBG] ;0x13924c0;10;0;0;4;-0.0411958
[DBG] ;0x1392240;9;0x1392990;0x1392a00;0;0.0203303
[DBG] ;0x1392990;10;0x1392e90;0x1392f00;0;0.00717529
[DBG] ;0x1392e90;11;0x1392f70;0x1392fe0;0;0.00619684
[DBG] ;0x1392f70;12;0;0;10;0.00146767
[DBG] ;0x1392fe0;12;0x1393050;0x13930c0;0;0.00472917
[DBG] ;0x1393050;13;0x1393130;0x13931a0;0;0.0236462
[DBG] ;0x1393130;14;0x1393210;0x1393280;0;0.0298689
[DBG] ;0x1393210;15;0;0;11;0.00823971
[DBG] ;0x1393280;15;0;0;6;0.0216292
[DBG] ;0x13931a0;14;0;0;0;-0.00622266
[DBG] ;0x13930c0;13;0;0;2;-0.0189171
[DBG] ;0x1392f00;11;0;0;4;0.000978453
[DBG] ;0x1392a00;10;0x13932f0;0x1393360;0;0.013155
[DBG] ;0x13932f0;11;0x1393570;0x13935e0;0;0.0143509
[DBG] ;0x1393570;12;0x1393790;0x1393800;0;0.00642015
[DBG] ;0x1393790;13;0x1393a30;0x1393aa0;0;0.0145912
[DBG] ;0x1393a30;14;0x1393b10;0x1393b80;0;0.0145912
[DBG] ;0x1393b10;15;0;0;28;0.0145912
[DBG] ;0x1393b80;15;0;0;12;0
[DBG] ;0x1393aa0;14;0;0;0;0
[DBG] ;0x1393800;13;0;0;10;-0.00817105
[DBG] ;0x13935e0;12;0x1393cf0;0x1393d60;0;0.00793078
[DBG] ;0x1393cf0;13;0x1393dd0;0x1393e40;0;0.0237922
[DBG] ;0x1393dd0;14;0;0;10;0.0152006
[DBG] ;0x1393e40;14;0;0;7;0.0085916
[DBG] ;0x1393d60;13;0;0;2;-0.0158615
[DBG] ;0x1393360;11;0;0;0;-0.00119589
[DBG] ;0x1391e60;8;0x1393eb0;0x1393f20;0;0.0512716
[DBG] ;0x1393eb0;9;0;0;8;0.0187253
[DBG] ;0x1393f20;9;0;0;5;0.0325463
[DBG] ;0x1380260;1;0x1393f90;0x1394000;0;6.57508
[DBG] ;0x1393f90;2;0x139aff0;0x139b060;0;2.87007
[DBG] ;0x139aff0;3;0x139b0d0;0x139b140;0;1.22439
[DBG] ;0x139b0d0;4;0x139b1b0;0x139b220;0;0.863413
[DBG] ;0x139b1b0;5;0x139b290;0x139b300;0;0.863413
[DBG] ;0x139b290;6;0x139b370;0x139b3e0;0;0.863413
[DBG] ;0x139b370;7;0x139b450;0x139b4c0;0;0.863413
[DBG] ;0x139b450;8;0x139b530;0x139b5a0;0;0.863413
[DBG] ;0x139b530;9;0x139b610;0x139b680;0;0.863413
[DBG] ;0x139b610;10;0x139b6f0;0x139b760;0;0.863413
[DBG] ;0x139b6f0;11;0x139b7d0;0x139b840;0;0.863413
[DBG] ;0x139b7d0;12;0x139b8b0;0x139b920;0;0.863413
[DBG] ;0x139b8b0;13;0x139b990;0x139ba00;0;0.863413
[DBG] ;0x139b990;14;0x139ba70;0x139bae0;0;0.863413
[DBG] ;0x139ba70;15;0;0;32;0.863413
[DBG] ;0x139bae0;15;0;0;12;0
[DBG] ;0x139ba00;14;0x139bb50;0x139bbc0;0;0
[DBG] ;0x139bb50;15;0;0;19;0
[DBG] ;0x139bbc0;15;0;0;4;0
[DBG] ;0x139b920;13;0;0;3;0
[DBG] ;0x139b840;12;0x139bc30;0x139bca0;0;0
[DBG] ;0x139bc30;13;0;0;2;0
[DBG] ;0x139bca0;13;0x139bd10;0x139bd80;0;0
[DBG] ;0x139bd10;14;0x139bdf0;0x139be60;0;0
[DBG] ;0x139bdf0;15;0;0;11;0.312424
[DBG] ;0x139be60;15;0;0;8;-0.312424
[DBG] ;0x139bd80;14;0;0;0;-0
[DBG] ;0x139b760;11;0x139bed0;0x139bf40;0;0
[DBG] ;0x139bed0;12;0x139bfb0;0x139c020;0;0
[DBG] ;0x139bfb0;13;0x139c090;0x139c100;0;0
[DBG] ;0x139c090;14;0x139c170;0x139c1e0;0;0.0278054
[DBG] ;0x139c170;15;0;0;19;0.0278054
[DBG] ;0x139c1e0;15;0;0;4;0
[DBG] ;0x139c100;14;0x139c250;0x139c2c0;0;-0.0278054
[DBG] ;0x139c250;15;0;0;18;-0.0278054
[DBG] ;0x139c2c0;15;0;0;4;-0
[DBG] ;0x139c020;13;0;0;0;-0
[DBG] ;0x139bf40;12;0;0;4;0
[DBG] ;0x139b680;10;0;0;3;0
[DBG] ;0x139b5a0;9;0x139c330;0x139c3a0;0;0
[DBG] ;0x139c330;10;0;0;2;0
[DBG] ;0x139c3a0;10;0x139c410;0x139c480;0;0
[DBG] ;0x139c410;11;0x139c4f0;0x139c560;0;0
[DBG] ;0x139c4f0;12;0x139c5d0;0x139c640;0;0.312424
[DBG] ;0x139c5d0;13;0;0;3;0.00600829
[DBG] ;0x139c640;13;0;0;10;0.306416
[DBG] ;0x139c560;12;0;0;8;-0.312424
[DBG] ;0x139c480;11;0;0;0;-0
[DBG] ;0x139b4c0;8;0x139c6b0;0x139c720;0;0
[DBG] ;0x139c6b0;9;0x139c790;0x139c800;0;0
[DBG] ;0x139c790;10;0x139c870;0x139c8e0;0;0
[DBG] ;0x139c870;11;0x139c950;0x139c9c0;0;0.0278054
[DBG] ;0x139c950;12;0x139ca30;0x139caa0;0;0.0278054
[DBG] ;0x139ca30;13;0x139cb10;0x139cb80;0;0.0278054
[DBG] ;0x139cb10;14;0x139cbf0;0x139cc60;0;0.0278054
[DBG] ;0x139cbf0;15;0;0;19;0.0278054
[DBG] ;0x139cc60;15;0;0;4;0
[DBG] ;0x139cb80;14;0x139ccd0;0x139cd40;0;0
[DBG] ;0x139ccd0;15;0;0;18;0
[DBG] ;0x139cd40;15;0;0;4;0
[DBG] ;0x139caa0;13;0;0;0;0
[DBG] ;0x139c9c0;12;0;0;4;0
[DBG] ;0x139c8e0;11;0x139cdb0;0x139ce20;0;-0.0278054
[DBG] ;0x139cdb0;12;0x139ce90;0x139cf00;0;-0.0278054
[DBG] ;0x139ce90;13;0x139cf70;0x139cfe0;0;-0.0242133
[DBG] ;0x139cf70;14;0x139d050;0x139d0c0;0;0.0322838
[DBG] ;0x139d050;15;0;0;18;0.0322838
[DBG] ;0x139d0c0;15;0;0;4;0
[DBG] ;0x139cfe0;14;0x139d130;0x139d1a0;0;-0.0564971
[DBG] ;0x139d130;15;0;0;12;-0.0242998
[DBG] ;0x139d1a0;15;0;0;10;-0.0321973
[DBG] ;0x139cf00;13;0;0;1;-0.00359208
[DBG] ;0x139ce20;12;0;0;4;-0
[DBG] ;0x139c800;10;0;0;0;-0
[DBG] ;0x139c720;9;0;0;4;0
[DBG] ;0x139b3e0;7;0;0;3;0
[DBG] ;0x139b300;6;0x139d210;0x139d280;0;0
[DBG] ;0x139d210;7;0;0;2;0
[DBG] ;0x139d280;7;0x139d2f0;0x139d360;0;0
[DBG] ;0x139d2f0;8;0x139d3d0;0x139d440;0;0
[DBG] ;0x139d3d0;9;0x139d4b0;0x139d520;0;0.312424
[DBG] ;0x139d4b0;10;0;0;3;0.00600829
[DBG] ;0x139d520;10;0;0;10;0.306416
[DBG] ;0x139d440;9;0;0;8;-0.312424
[DBG] ;0x139d360;8;0;0;0;-0
[DBG] ;0x139b220;5;0x139d590;0x139d600;0;0
[DBG] ;0x139d590;6;0x139d670;0x139d6e0;0;0
[DBG] ;0x139d670;7;0x139d750;0x139d7c0;0;0
[DBG] ;0x139d750;8;0x139d830;0x139d8a0;0;0.0278054
[DBG] ;0x139d830;9;0x139d910;0x139d980;0;0.0278054
[DBG] ;0x139d910;10;0x139d9f0;0x139da60;0;0.0278054
[DBG] ;0x139d9f0;11;0x139dad0;0x139db40;0;0.0278054
[DBG] ;0x139dad0;12;0x139dbb0;0x139dc20;0;0.0278054
[DBG] ;0x139dbb0;13;0x139dc90;0x139dd00;0;0.0278054
[DBG] ;0x139dc90;14;0x139dd70;0x139dde0;0;0.0278054
[DBG] ;0x139dd70;15;0;0;19;0.0278054
[DBG] ;0x139dde0;15;0;0;4;0
[DBG] ;0x139dd00;14;0x139de50;0x139dec0;0;0
[DBG] ;0x139de50;15;0;0;18;0
[DBG] ;0x139dec0;15;0;0;4;0
[DBG] ;0x139dc20;13;0;0;0;0
[DBG] ;0x139db40;12;0;0;4;0
[DBG] ;0x139da60;11;0x139df30;0x139dfa0;0;0
[DBG] ;0x139df30;12;0x139e010;0x139e080;0;0
[DBG] ;0x139e010;13;0x139e0f0;0x139e160;0;0
[DBG] ;0x139e0f0;14;0x139e1d0;0x139e240;0;0.0322838
[DBG] ;0x139e1d0;15;0;0;18;0.0322838
[DBG] ;0x139e240;15;0;0;4;0
[DBG] ;0x139e160;14;0x139e2b0;0x139e320;0;-0.0322838
[DBG] ;0x139e2b0;15;0;0;12;-0.0138855
[DBG] ;0x139e320;15;0;0;10;-0.0183983
[DBG] ;0x139e080;13;0;0;1;0
[DBG] ;0x139dfa0;12;0;0;4;0
[DBG] ;0x139d980;10;0;0;0;0
[DBG] ;0x139d8a0;9;0;0;4;0
[DBG] ;0x139d7c0;8;0x139e390;0x139e400;0;-0.0278054
[DBG] ;0x139e390;9;0x139e470;0x139e4e0;0;-0.0278054
[DBG] ;0x139e470;10;0x139e550;0x139e5c0;0;-0.0242133
[DBG] ;0x139e550;11;0x139e630;0x139e6a0;0;0.0322838
[DBG] ;0x139e630;12;0x139e710;0x139e780;0;0.0322838
[DBG] ;0x139e710;13;0x139e7f0;0x139e860;0;0.0322838
[DBG] ;0x139e7f0;14;0x139e8d0;0x139e940;0;0.0322838
[DBG] ;0x139e8d0;15;0;0;18;0.0322838
[DBG] ;0x139e940;15;0;0;4;0
[DBG] ;0x139e860;14;0x139e9b0;0x139ea20;0;0
[DBG] ;0x139e9b0;15;0;0;12;0
[DBG] ;0x139ea20;15;0;0;10;0
[DBG] ;0x139e780;13;0;0;1;0
[DBG] ;0x139e6a0;12;0;0;4;0
[DBG] ;0x139e5c0;11;0x139ea90;0x139eb00;0;-0.0564971
[DBG] ;0x139ea90;12;0x139eb70;0x139ebe0;0;-0.0242998
[DBG] ;0x139eb70;13;0;0;6;-0.00440601
[DBG] ;0x139ebe0;13;0;0;10;-0.0198938
[DBG] ;0x139eb00;12;0;0;10;-0.0321973
[DBG] ;0x139e4e0;10;0;0;1;-0.00359208
[DBG] ;0x139e400;9;0;0;4;-0
[DBG] ;0x139d6e0;7;0;0;0;-0
[DBG] ;0x139d600;6;0;0;4;0
[DBG] ;0x139b140;4;0;0;3;0.360976
[DBG] ;0x139b060;3;0x139ec50;0x139ecc0;0;1.64568
[DBG] ;0x139ec50;4;0x139ed30;0x139eda0;0;0.327825
[DBG] ;0x139ed30;5;0x139ee10;0x139ee80;0;0.339746
[DBG] ;0x139ee10;6;0x139eef0;0x139ef60;0;0.217438
[DBG] ;0x139eef0;7;0x139efd0;0x139f040;0;0.217438
[DBG] ;0x139efd0;8;0x139f0b0;0x139f120;0;0.217438
[DBG] ;0x139f0b0;9;0x139f190;0x139f200;0;0.217438
[DBG] ;0x139f190;10;0x139f270;0x139f2e0;0;0.217438
[DBG] ;0x139f270;11;0x139f350;0x139f3c0;0;0.217438
[DBG] ;0x139f350;12;0x139f430;0x139f4a0;0;0.217438
[DBG] ;0x139f430;13;0x139f510;0x139f580;0;0.217438
[DBG] ;0x139f510;14;0x139f5f0;0x139f660;0;0.217438
[DBG] ;0x139f5f0;15;0;0;38;0.217438
[DBG] ;0x139f660;15;0;0;17;0
[DBG] ;0x139f580;14;0;0;5;0
[DBG] ;0x139f4a0;13;0x139f6d0;0x139f740;0;0
[DBG] ;0x139f6d0;14;0x139f7b0;0x139f820;0;0
[DBG] ;0x139f7b0;15;0;0;11;0
[DBG] ;0x139f820;15;0;0;4;0
[DBG] ;0x139f740;14;0;0;1;0
[DBG] ;0x139f3c0;12;0x139f890;0x139f900;0;0
[DBG] ;0x139f890;13;0x139f970;0x139f9e0;0;0
[DBG] ;0x139f970;14;0x139fa50;0x139fac0;0;0
[DBG] ;0x139fa50;15;0;0;17;0.0217438
[DBG] ;0x139fac0;15;0;0;6;-0.0217438
[DBG] ;0x139f9e0;14;0;0;1;0
[DBG] ;0x139f900;13;0;0;2;0
[DBG] ;0x139f2e0;11;0;0;5;0
[DBG] ;0x139f200;10;0x139fb30;0x139fba0;0;0
[DBG] ;0x139fb30;11;0x139fc10;0x139fc80;0;0
[DBG] ;0x139fc10;12;0x139fcf0;0x139fd60;0;0
[DBG] ;0x139fcf0;13;0x139fdd0;0x139fe40;0;0.00787909
[DBG] ;0x139fdd0;14;0x139feb0;0x139ff20;0;0.00787909
[DBG] ;0x139feb0;15;0;0;11;0.00787909
[DBG] ;0x139ff20;15;0;0;3;0
[DBG] ;0x139fe40;14;0;0;1;0
[DBG] ;0x139fd60;13;0;0;10;-0.00787909
[DBG] ;0x139fc80;12;0;0;4;0
[DBG] ;0x139fba0;11;0;0;1;0
[DBG] ;0x139f120;9;0x139ff90;0x13a0000;0;0
[DBG] ;0x139ff90;10;0x13a0070;0x13a00e0;0;0
[DBG] ;0x13a0070;11;0x13a0150;0x13a01c0;0;0
[DBG] ;0x13a0150;12;0x13a0230;0x13a02a0;0;0.0217438
[DBG] ;0x13a0230;13;0x13a0310;0x13a0380;0;0.0217438
[DBG] ;0x13a0310;14;0x13a03f0;0x13a0460;0;0.0217438
[DBG] ;0x13a03f0;15;0;0;17;0.0217438
[DBG] ;0x13a0460;15;0;0;6;0
[DBG] ;0x13a0380;14;0;0;1;0
[DBG] ;0x13a02a0;13;0;0;2;0
[DBG] ;0x13a01c0;12;0;0;6;-0.0217438
[DBG] ;0x13a00e0;11;0;0;1;0
[DBG] ;0x13a0000;10;0;0;2;0
[DBG] ;0x139f040;8;0;0;5;0
[DBG] ;0x139ef60;7;0x13a04d0;0x13a0540;0;0
[DBG] ;0x13a04d0;8;0x13a05b0;0x13a0620;0;0
[DBG] ;0x13a05b0;9;0x13a0690;0x13a0700;0;0
[DBG] ;0x13a0690;10;0x13a0770;0x13a07e0;0;0.00787909
[DBG] ;0x13a0770;11;0x13a0850;0x13a08c0;0;0.00787909
[DBG] ;0x13a0850;12;0x13a0930;0x13a09a0;0;0.00787909
[DBG] ;0x13a0930;13;0x13a0a10;0x13a0a80;0;0.00787909
[DBG] ;0x13a0a10;14;0x13a0af0;0x13a0b60;0;0.00787909
[DBG] ;0x13a0af0;15;0;0;11;0.00787909
[DBG] ;0x13a0b60;15;0;0;3;0
[DBG] ;0x13a0a80;14;0;0;1;0
[DBG] ;0x13a09a0;13;0;0;10;0
[DBG] ;0x13a08c0;12;0;0;3;0
[DBG] ;0x13a07e0;11;0;0;1;0
[DBG] ;0x13a0700;10;0;0;10;-0.00787909
[DBG] ;0x13a0620;9;0;0;4;0
[DBG] ;0x13a0540;8;0;0;1;0
[DBG] ;0x139ee80;6;0x13a0bd0;0x13a0c40;0;0.122309
[DBG] ;0x13a0bd0;7;0x13a0cb0;0x13a0d20;0;0.122309
[DBG] ;0x13a0cb0;8;0x13a0d90;0x13a0e00;0;0.122309
[DBG] ;0x13a0d90;9;0x13a0e70;0x13a0ee0;0;0.0217438
[DBG] ;0x13a0e70;10;0x13a0f50;0x13a0fc0;0;0.0217438
[DBG] ;0x13a0f50;11;0x13a1030;0x13a10a0;0;0.0217438
[DBG] ;0x13a1030;12;0x13a1110;0x13a1180;0;0.0217438
[DBG] ;0x13a1110;13;0x13a11f0;0x13a1260;0;0.0217438
[DBG] ;0x13a11f0;14;0x13a12d0;0x13a1340;0;0.0217438
[DBG] ;0x13a12d0;15;0;0;29;0.0217438
[DBG] ;0x13a1340;15;0;0;18;0
[DBG] ;0x13a1260;14;0;0;4;0
[DBG] ;0x13a1180;13;0;0;8;0
[DBG] ;0x13a10a0;12;0x13a13b0;0x13a1420;0;0
[DBG] ;0x13a13b0;13;0x13a1490;0x13a1500;0;0
[DBG] ;0x13a1490;14;0x13a1570;0x13a15e0;0;0
[DBG] ;0x13a1570;15;0;0;14;0.00205981
[DBG] ;0x13a15e0;15;0;0;8;-0.00205981
[DBG] ;0x13a1500;14;0;0;6;0
[DBG] ;0x13a1420;13;0;0;7;0
[DBG] ;0x13a0fc0;11;0;0;4;0
[DBG] ;0x13a0ee0;10;0;0;8;0
[DBG] ;0x13a0e00;9;0x13a1650;0x13a16c0;0;0.100565
[DBG] ;0x13a1650;10;0x13a1790;0x13a1800;0;0.0965422
[DBG] ;0x13a1790;11;0x13a1870;0x13a18e0;0;0.0762175
[DBG] ;0x13a1870;12;0x13a19b0;0x13a1a20;0;0.00205981
[DBG] ;0x13a19b0;13;0x13a1a90;0x13a1b00;0;0.00205981
[DBG] ;0x13a1a90;14;0x13a1b70;0x13a1be0;0;0.00205981
[DBG] ;0x13a1b70;15;0;0;14;0.00205981
[DBG] ;0x13a1be0;15;0;0;8;0
[DBG] ;0x13a1b00;14;0;0;2;0
[DBG] ;0x13a1a20;13;0;0;5;0
[DBG] ;0x13a18e0;12;0x13a1cf0;0x13a1d60;0;0.0741577
[DBG] ;0x13a1cf0;13;0x13a1f70;0x13a1fe0;0;0.0849725
[DBG] ;0x13a1f70;14;0x13a2050;0x13a20c0;0;0.0896931
[DBG] ;0x13a2050;15;0;0;18;0.0448469
[DBG] ;0x13a20c0;15;0;0;5;0.0448463
[DBG] ;0x13a1fe0;14;0;0;0;-0.00472063
[DBG] ;0x13a1d60;13;0;0;6;-0.0108148
[DBG] ;0x13a1800;11;0;0;7;0.0203247
[DBG] ;0x13a16c0;10;0x13a21b0;0x13a2220;0;0.00402259
[DBG] ;0x13a21b0;11;0x13a2290;0x13a2300;0;0.00359916
[DBG] ;0x13a2290;12;0x13a23f0;0x13a2460;0;0.00184823
[DBG] ;0x13a23f0;13;0x13a2570;0x13a25e0;0;0.00646885
[DBG] ;0x13a2570;14;0x13a2650;0x13a26c0;0;0.00646885
[DBG] ;0x13a2650;15;0;0;14;0.00646885
[DBG] ;0x13a26c0;15;0;0;5;0
[DBG] ;0x13a25e0;14;0;0;0;0
[DBG] ;0x13a2460;13;0;0;6;-0.00462063
[DBG] ;0x13a2300;12;0;0;8;0.00175093
[DBG] ;0x13a2220;11;0;0;2;0.000423431
[DBG] ;0x13a0d20;8;0;0;5;0
[DBG] ;0x13a0c40;7;0x13a2790;0x13a2800;0;0
[DBG] ;0x13a2790;8;0;0;5;0
[DBG] ;0x13a2800;8;0x13a28d0;0x13a2940;0;0
[DBG] ;0x13a28d0;9;0x13a2a30;0x13a2aa0;0;0
[DBG] ;0x13a2a30;10;0x13a2b70;0x13a2be0;0;0.00675927
[DBG] ;0x13a2b70;11;0x13a2c50;0x13a2cc0;0;0.00598678
[DBG] ;0x13a2c50;12;0x13a2dd0;0x13a2e40;0;0.00598678
[DBG] ;0x13a2dd0;13;0x13a2f50;0x13a2fc0;0;0.00598678
[DBG] ;0x13a2f50;14;0x13a3030;0x13a30a0;0;0.00598678
[DBG] ;0x13a3030;15;0;0;11;0.00598678
[DBG] ;0x13a30a0;15;0;0;5;0
[DBG] ;0x13a2fc0;14;0;0;0;0
[DBG] ;0x13a2e40;13;0;0;6;0
[DBG] ;0x13a2cc0;12;0;0;5;0
[DBG] ;0x13a2be0;11;0;0;1;0.000772488
[DBG] ;0x13a2aa0;10;0;0;7;-0.00675927
[DBG] ;0x13a2940;9;0;0;9;0
[DBG] ;0x139eda0;5;0;0;9;-0.0119209
[DBG] ;0x139ecc0;4;0x13a31d0;0x13a3240;0;1.31786
[DBG] ;0x13a31d0;5;0x13a5330;0x13a53a0;0;1.36578
[DBG] ;0x13a5330;6;0x13a5630;0x13a56a0;0;0.8741
[DBG] ;0x13a5630;7;0x13a5710;0x13a5780;0;0.356598
[DBG] ;0x13a5710;8;0x13a57f0;0x13a5860;0;0.356598
[DBG] ;0x13a57f0;9;0x13a58d0;0x13a5940;0;0.356598
[DBG] ;0x13a58d0;10;0x13a59b0;0x13a5a20;0;0.356598
[DBG] ;0x13a59b0;11;0x13a5a90;0x13a5b00;0;0.356598
[DBG] ;0x13a5a90;12;0x13a5b70;0x13a5be0;0;0.356598
[DBG] ;0x13a5b70;13;0x13a5c50;0x13a5cc0;0;0.356598
[DBG] ;0x13a5c50;14;0x13a5d30;0x13a5da0;0;0.356598
[DBG] ;0x13a5d30;15;0;0;67;0.356598
[DBG] ;0x13a5da0;15;0;0;22;0
[DBG] ;0x13a5cc0;14;0;0;4;0
[DBG] ;0x13a5be0;13;0;0;4;0
[DBG] ;0x13a5b00;12;0x13a5e10;0x13a5e80;0;0
[DBG] ;0x13a5e10;13;0x13a5ef0;0x13a5f60;0;0
[DBG] ;0x13a5ef0;14;0x13a5fd0;0x13a6040;0;0
[DBG] ;0x13a5fd0;15;0;0;22;0.0356598
[DBG] ;0x13a6040;15;0;0;8;-0.0356598
[DBG] ;0x13a5f60;14;0;0;0;0
[DBG] ;0x13a5e80;13;0;0;0;0
[DBG] ;0x13a5a20;11;0;0;4;0
[DBG] ;0x13a5940;10;0;0;4;0
[DBG] ;0x13a5860;9;0x13a60b0;0x13a6120;0;0
[DBG] ;0x13a60b0;10;0x13a6190;0x13a6200;0;0
[DBG] ;0x13a6190;11;0x13a6270;0x13a62e0;0;0
[DBG] ;0x13a6270;12;0x13a6350;0x13a63c0;0;0.0356598
[DBG] ;0x13a6350;13;0x13a6430;0x13a64a0;0;0.0356598
[DBG] ;0x13a6430;14;0x13a6510;0x13a6580;0;0.0356598
[DBG] ;0x13a6510;15;0;0;22;0.0356598
[DBG] ;0x13a6580;15;0;0;8;0
[DBG] ;0x13a64a0;14;0;0;0;0
[DBG] ;0x13a63c0;13;0;0;0;0
[DBG] ;0x13a62e0;12;0;0;8;-0.0356598
[DBG] ;0x13a6200;11;0;0;0;0
[DBG] ;0x13a6120;10;0;0;0;0
[DBG] ;0x13a5780;8;0;0;4;0
[DBG] ;0x13a56a0;7;0;0;5;0.517502
[DBG] ;0x13a53a0;6;0x13a65f0;0x13a6660;0;0.491681
[DBG] ;0x13a65f0;7;0x13a7150;0x13a71c0;0;0.200586
[DBG] ;0x13a7150;8;0x13a7230;0x13a72a0;0;0.200586
[DBG] ;0x13a7230;9;0x13a74b0;0x13a7520;0;0.0356598
[DBG] ;0x13a74b0;10;0x13a7590;0x13a7600;0;0.0356598
[DBG] ;0x13a7590;11;0x13a7670;0x13a76e0;0;0.0356598
[DBG] ;0x13a7670;12;0x13a7750;0x13a77c0;0;0.0356598
[DBG] ;0x13a7750;13;0x13a7830;0x13a78a0;0;0.0356598
[DBG] ;0x13a7830;14;0x13a7910;0x13a7980;0;0.0356598
[DBG] ;0x13a7910;15;0;0;43;0.0356598
[DBG] ;0x13a7980;15;0;0;29;0
[DBG] ;0x13a78a0;14;0;0;2;0
[DBG] ;0x13a77c0;13;0;0;1;0
[DBG] ;0x13a76e0;12;0x13a79f0;0x13a7a60;0;0
[DBG] ;0x13a79f0;13;0x13a7ad0;0x13a7b40;0;0
[DBG] ;0x13a7ad0;14;0x13a7bb0;0x13a7c20;0;0
[DBG] ;0x13a7bb0;15;0;0;25;0.00283224
[DBG] ;0x13a7c20;15;0;0;19;-0.00283224
[DBG] ;0x13a7b40;14;0;0;7;0
[DBG] ;0x13a7a60;13;0;0;10;0
[DBG] ;0x13a7600;11;0;0;2;0
[DBG] ;0x13a7520;10;0;0;1;0
[DBG] ;0x13a72a0;9;0x13a7c90;0x13a7d00;0;0.164926
[DBG] ;0x13a7c90;10;0x13a8a30;0x13a8aa0;0;0.132746
[DBG] ;0x13a8a30;11;0x13a8b50;0x13a8bc0;0;0.104799
[DBG] ;0x13a8b50;12;0x13a8c30;0x13a8ca0;0;0.00283224
[DBG] ;0x13a8c30;13;0x13a8d10;0x13a8d80;0;0.00283224
[DBG] ;0x13a8d10;14;0x13a8df0;0x13a8e60;0;0.00283224
[DBG] ;0x13a8df0;15;0;0;25;0.00283224
[DBG] ;0x13a8e60;15;0;0;19;0
[DBG] ;0x13a8d80;14;0;0;4;0
[DBG] ;0x13a8ca0;13;0;0;8;0
[DBG] ;0x13a8bc0;12;0x13a8ed0;0x13a8f40;0;0.101967
[DBG] ;0x13a8ed0;13;0x13a9110;0x13a9180;0;0.0401688
[DBG] ;0x13a9110;14;0;0;2;0.000892639
[DBG] ;0x13a9180;14;0x13a91f0;0x13a9260;0;0.0392761
[DBG] ;0x13a91f0;15;0;0;24;0.013092
[DBG] ;0x13a9260;15;0;0;46;0.0261841
[DBG] ;0x13a8f40;13;0x13a92d0;0x13a9340;0;0.0617981
[DBG] ;0x13a92d0;14;0;0;2;0.00137329
[DBG] ;0x13a9340;14;0x13a93b0;0x13a9420;0;0.0604248
[DBG] ;0x13a93b0;15;0;0;30;0.0201416
[DBG] ;0x13a9420;15;0;0;49;0.0402832
[DBG] ;0x13a8aa0;11;0x13a9490;0x13a9500;0;0.0279464
[DBG] ;0x13a9490;12;0x13a9570;0x13a95e0;0;0.0143509
[DBG] ;0x13a9570;13;0;0;5;0.00108721
[DBG] ;0x13a95e0;13;0;0;8;0.0132637
[DBG] ;0x13a9500;12;0x13a9650;0x13a96c0;0;0.0135955
[DBG] ;0x13a9650;13;0x13a9730;0x13a97a0;0;0.00205992
[DBG] ;0x13a9730;14;0x13a9810;0x13a9880;0;0.0019741
[DBG] ;0x13a9810;15;0;0;12;0.00142574
[DBG] ;0x13a9880;15;0;0;2;0.000548358
[DBG] ;0x13a97a0;14;0;0;1;8.58246e-05
[DBG] ;0x13a96c0;13;0x13a98f0;0x13a9960;0;0.0115356
[DBG] ;0x13a98f0;14;0x13a99f0;0x13a9a60;0;0.0110549
[DBG] ;0x13a99f0;15;0;0;57;0.00798415
[DBG] ;0x13a9a60;15;0;0;16;0.0030708
[DBG] ;0x13a9960;14;0;0;3;0.000480618
[DBG] ;0x13a7d00;10;0x13a9b30;0x13a9ba0;0;0.0321807
[DBG] ;0x13a9b30;11;0;0;10;0.0197601
[DBG] ;0x13a9ba0;11;0;0;3;0.0124206
[DBG] ;0x13a71c0;8;0;0;6;0
[DBG] ;0x13a6660;7;0;0;3;0.291095
[DBG] ;0x13a3240;5;0x13a9c10;0x13a9c80;0;-0.0479221
[DBG] ;0x13a9c10;6;0;0;4;-0.026453
[DBG] ;0x13a9c80;6;0;0;9;-0.0214691
[DBG] ;0x1394000;2;0x13a9cf0;0x13a9d60;0;3.705
[DBG] ;0x13a9cf0;3;0x13aecd0;0x13aed40;0;1.4956
[DBG] ;0x13aecd0;4;0x13aedb0;0x13aee20;0;1.05466
[DBG] ;0x13aedb0;5;0x13aee90;0x13aef00;0;0.111409
[DBG] ;0x13aee90;6;0x13aef70;0x13aefe0;0;0.111409
[DBG] ;0x13aef70;7;0x13af050;0x13af0c0;0;0.111409
[DBG] ;0x13af050;8;0x13af130;0x13af1a0;0;0.111409
[DBG] ;0x13af130;9;0x13af210;0x13af280;0;0.111409
[DBG] ;0x13af210;10;0x13af2f0;0x13af360;0;0.111409
[DBG] ;0x13af2f0;11;0x13af3d0;0x13af440;0;0.111409
[DBG] ;0x13af3d0;12;0x13af4b0;0x13af520;0;0.111409
[DBG] ;0x13af4b0;13;0x13af590;0x13af600;0;0.111409
[DBG] ;0x13af590;14;0x13af670;0x13af6e0;0;0.111409
[DBG] ;0x13af670;15;0;0;30;0.111409
[DBG] ;0x13af6e0;15;0;0;11;0
[DBG] ;0x13af600;14;0x13af750;0x13af7c0;0;0
[DBG] ;0x13af750;15;0;0;16;0
[DBG] ;0x13af7c0;15;0;0;12;0
[DBG] ;0x13af520;13;0;0;7;0
[DBG] ;0x13af440;12;0x13af830;0x13af8a0;0;0
[DBG] ;0x13af830;13;0x13af910;0x13af980;0;0
[DBG] ;0x13af910;14;0;0;8;0
[DBG] ;0x13af980;14;0;0;10;0
[DBG] ;0x13af8a0;13;0;0;0;-0
[DBG] ;0x13af360;11;0x13af9f0;0x13afa60;0;0
[DBG] ;0x13af9f0;12;0x13afad0;0x13afb40;0;0
[DBG] ;0x13afad0;13;0x13afbb0;0x13afc20;0;0
[DBG] ;0x13afbb0;14;0x13afc90;0x13afd00;0;0.197918
[DBG] ;0x13afc90;15;0;0;16;0.197918
[DBG] ;0x13afd00;15;0;0;8;0
[DBG] ;0x13afc20;14;0;0;1;-0.197918
[DBG] ;0x13afb40;13;0;0;1;0
[DBG] ;0x13afa60;12;0x13afd70;0x13afde0;0;0
[DBG] ;0x13afd70;13;0x13afe50;0x13afec0;0;0
[DBG] ;0x13afe50;14;0x13aff30;0x13affa0;0;0.0101536
[DBG] ;0x13aff30;15;0;0;12;0.0159556
[DBG] ;0x13affa0;15;0;0;1;-0.00580203
[DBG] ;0x13afec0;14;0;0;0;-0.0101536
[DBG] ;0x13afde0;13;0;0;3;0
[DBG] ;0x13af280;10;0;0;7;0
[DBG] ;0x13af1a0;9;0x13b0010;0x13b0080;0;0
[DBG] ;0x13b0010;10;0x13b00f0;0x13b0160;0;0
[DBG] ;0x13b00f0;11;0;0;8;0
[DBG] ;0x13b0160;11;0;0;10;0
[DBG] ;0x13b0080;10;0;0;0;-0
[DBG] ;0x13af0c0;8;0x13b01d0;0x13b0240;0;0
[DBG] ;0x13b01d0;9;0x13b02b0;0x13b0320;0;0
[DBG] ;0x13b02b0;10;0x13b0390;0x13b0400;0;0
[DBG] ;0x13b0390;11;0x13b0470;0x13b04e0;0;0.197918
[DBG] ;0x13b0470;12;0x13b0550;0x13b05c0;0;0.197918
[DBG] ;0x13b0550;13;0x13b0630;0x13b06a0;0;0.197918
[DBG] ;0x13b0630;14;0x13b0710;0x13b0780;0;0.197918
[DBG] ;0x13b0710;15;0;0;16;0.197918
[DBG] ;0x13b0780;15;0;0;8;0
[DBG] ;0x13b06a0;14;0;0;1;0
[DBG] ;0x13b05c0;13;0;0;1;0
[DBG] ;0x13b04e0;12;0;0;8;0
[DBG] ;0x13b0400;11;0;0;1;-0.197918
[DBG] ;0x13b0320;10;0;0;1;0
[DBG] ;0x13b0240;9;0x13b07f0;0x13b0860;0;0
[DBG] ;0x13b07f0;10;0x13b08d0;0x13b0940;0;0
[DBG] ;0x13b08d0;11;0x13b09b0;0x13b0a20;0;0.0101536
[DBG] ;0x13b09b0;12;0x13b0a90;0x13b0b00;0;0.0159556
[DBG] ;0x13b0a90;13;0x13b0b70;0x13b0be0;0;0.0159556
[DBG] ;0x13b0b70;14;0x13b0c50;0x13b0cc0;0;0.0159556
[DBG] ;0x13b0c50;15;0;0;12;0.0159556
[DBG] ;0x13b0cc0;15;0;0;1;0
[DBG] ;0x13b0be0;14;0;0;0;0
[DBG] ;0x13b0b00;13;0;0;3;0
[DBG] ;0x13b0a20;12;0;0;1;-0.00580203
[DBG] ;0x13b0940;11;0;0;0;-0.0101536
[DBG] ;0x13b0860;10;0;0;3;0
[DBG] ;0x13aefe0;7;0;0;7;0
[DBG] ;0x13aef00;6;0x13b0d30;0x13b0da0;0;0
[DBG] ;0x13b0d30;7;0x13b0e10;0x13b0e80;0;0
[DBG] ;0x13b0e10;8;0;0;8;0
[DBG] ;0x13b0e80;8;0;0;10;0
[DBG] ;0x13b0da0;7;0;0;0;-0
[DBG] ;0x13aee20;5;0x13b0ef0;0x13b0f60;0;0.943256
[DBG] ;0x13b0ef0;6;0x13b0fd0;0x13b1040;0;0.71816
[DBG] ;0x13b0fd0;7;0x13b10b0;0x13b1120;0;0.71816
[DBG] ;0x13b10b0;8;0x13b1190;0x13b1200;0;0.197918
[DBG] ;0x13b1190;9;0x13b1270;0x13b12e0;0;0.197918
[DBG] ;0x13b1270;10;0x13b1350;0x13b13c0;0;0.197918
[DBG] ;0x13b1350;11;0x13b1430;0x13b14a0;0;0.197918
[DBG] ;0x13b1430;12;0x13b1510;0x13b1580;0;0.197918
[DBG] ;0x13b1510;13;0x13b15f0;0x13b1660;0;0.197918
[DBG] ;0x13b15f0;14;0x13b16d0;0x13b1740;0;0.197918
[DBG] ;0x13b16d0;15;0;0;28;0.197918
[DBG] ;0x13b1740;15;0;0;8;0
[DBG] ;0x13b1660;14;0x13b17b0;0x13b1820;0;0
[DBG] ;0x13b17b0;15;0;0;11;0
[DBG] ;0x13b1820;15;0;0;0;0
[DBG] ;0x13b1580;13;0;0;1;0
[DBG] ;0x13b14a0;12;0;0;8;0
[DBG] ;0x13b13c0;11;0x13b1890;0x13b1900;0;0
[DBG] ;0x13b1890;12;0x13b1970;0x13b19e0;0;0
[DBG] ;0x13b1970;13;0x13b1a50;0x13b1ac0;0;0
[DBG] ;0x13b1a50;14;0x13b1b30;0x13b1ba0;0;0.0891347
[DBG] ;0x13b1b30;15;0;0;11;0.0891347
[DBG] ;0x13b1ba0;15;0;0;0;0
[DBG] ;0x13b1ac0;14;0;0;8;-0.0891347
[DBG] ;0x13b19e0;13;0;0;0;-0
[DBG] ;0x13b1900;12;0;0;0;0
[DBG] ;0x13b12e0;10;0;0;1;0
[DBG] ;0x13b1200;9;0;0;8;0
[DBG] ;0x13b1120;8;0x13b1c10;0x13b1c80;0;0.520242
[DBG] ;0x13b1c10;9;0x13b1cf0;0x13b1d60;0;0.520242
[DBG] ;0x13b1cf0;10;0x13b1dd0;0x13b1e40;0;0.546695
[DBG] ;0x13b1dd0;11;0x13b1eb0;0x13b1f20;0;0.0891347
[DBG] ;0x13b1eb0;12;0x13b1f90;0x13b2000;0;0.0891347
[DBG] ;0x13b1f90;13;0x13b2070;0x13b20e0;0;0.0891347
[DBG] ;0x13b2070;14;0x13b2150;0x13b21c0;0;0.0891347
[DBG] ;0x13b2150;15;0;0;19;0.0891347
[DBG] ;0x13b21c0;15;0;0;4;0
[DBG] ;0x13b20e0;14;0x13b2230;0x13b22a0;0;0
[DBG] ;0x13b2230;15;0;0;16;0
[DBG] ;0x13b22a0;15;0;0;3;-0
[DBG] ;0x13b2000;13;0;0;2;0
[DBG] ;0x13b1f20;12;0;0;4;0
[DBG] ;0x13b1e40;11;0x13b2310;0x13b2380;0;0.457561
[DBG] ;0x13b2310;12;0x13b23f0;0x13b2460;0;0.539512
[DBG] ;0x13b23f0;13;0x13b24d0;0x13b2540;0;0.551114
[DBG] ;0x13b24d0;14;0x13b25b0;0x13b2620;0;0.0214724
[DBG] ;0x13b25b0;15;0;0;16;0.0214724
[DBG] ;0x13b2620;15;0;0;3;0
[DBG] ;0x13b2540;14;0x13b2690;0x13b2700;0;0.529642
[DBG] ;0x13b2690;15;0;0;17;0.261468
[DBG] ;0x13b2700;15;0;0;20;0.268173
[DBG] ;0x13b2460;13;0;0;0;-0.0116024
[DBG] ;0x13b2380;12;0x13b2770;0x13b27e0;0;-0.0819512
[DBG] ;0x13b2770;13;0x13b2850;0x13b28c0;0;-0.0837136
[DBG] ;0x13b2850;14;0;0;3;-0.00326164
[DBG] ;0x13b28c0;14;0x13b2930;0x13b29a0;0;-0.080452
[DBG] ;0x13b2930;15;0;0;12;0.100565
[DBG] ;0x13b29a0;15;0;0;6;-0.181016
[DBG] ;0x13b27e0;13;0;0;0;0.00176239
[DBG] ;0x13b1d60;10;0;0;2;-0.0264532
[DBG] ;0x13b1c80;9;0x13b2a10;0x13b2a80;0;0
[DBG] ;0x13b2a10;10;0x13b2af0;0x13b2b60;0;0
[DBG] ;0x13b2af0;11;0;0;4;0
[DBG] ;0x13b2b60;11;0x13b2bd0;0x13b2c40;0;0
[DBG] ;0x13b2bd0;12;0x13b2cb0;0x13b2d20;0;0.181016
[DBG] ;0x13b2cb0;13;0x13b2d90;0x13b2e00;0;0.172442
[DBG] ;0x13b2d90;14;0;0;4;0.0629182
[DBG] ;0x13b2e00;14;0;0;10;0.109524
[DBG] ;0x13b2d20;13;0;0;0;0.00857452
[DBG] ;0x13b2c40;12;0;0;6;-0.181016
[DBG] ;0x13b2a80;10;0;0;0;-0
[DBG] ;0x13b1040;7;0;0;8;0
[DBG] ;0x13b0f60;6;0x13b2e70;0x13b2ee0;0;0.225096
[DBG] ;0x13b2e70;7;0x13b2f50;0x13b2fc0;0;0.241628
[DBG] ;0x13b2f50;8;0x13b3030;0x13b30a0;0;0.100837
[DBG] ;0x13b3030;9;0x13b3110;0x13b3180;0;0.0576209
[DBG] ;0x13b3110;10;0x13b31f0;0x13b3260;0;0.0576209
[DBG] ;0x13b31f0;11;0x13b32d0;0x13b3340;0;0.0576209
[DBG] ;0x13b32d0;12;0x13b33b0;0x13b3420;0;0.0576209
[DBG] ;0x13b33b0;13;0x13b3490;0x13b3500;0;0.0576209
[DBG] ;0x13b3490;14;0x13b3570;0x13b35e0;0;0.0576209
[DBG] ;0x13b3570;15;0;0;23;0.0576209
[DBG] ;0x13b35e0;15;0;0;14;0
[DBG] ;0x13b3500;14;0;0;2;0
[DBG] ;0x13b3420;13;0;0;0;0
[DBG] ;0x13b3340;12;0x13b3650;0x13b36c0;0;0
[DBG] ;0x13b3650;13;0x13b3730;0x13b37a0;0;0
[DBG] ;0x13b3730;14;0x13b3810;0x13b3880;0;0
[DBG] ;0x13b3810;15;0;0;14;0.019207
[DBG] ;0x13b3880;15;0;0;11;-0.019207
[DBG] ;0x13b37a0;14;0;0;2;0
[DBG] ;0x13b36c0;13;0;0;0;0
[DBG] ;0x13b3260;11;0;0;2;0
[DBG] ;0x13b3180;10;0;0;0;0
[DBG] ;0x13b30a0;9;0x13b38f0;0x13b3960;0;0.043216
[DBG] ;0x13b38f0;10;0x13b39d0;0x13b3a40;0;0.043216
[DBG] ;0x13b39d0;11;0x13b3ab0;0x13b3b20;0;0.043216
[DBG] ;0x13b3ab0;12;0x13b3b90;0x13b3c00;0;0.019207
[DBG] ;0x13b3b90;13;0x13b3c70;0x13b3ce0;0;0.019207
[DBG] ;0x13b3c70;14;0x13b3d50;0x13b3dc0;0;0.019207
[DBG] ;0x13b3d50;15;0;0;15;0.019207
[DBG] ;0x13b3dc0;15;0;0;12;0
[DBG] ;0x13b3ce0;14;0;0;2;0
[DBG] ;0x13b3c00;13;0;0;0;0
[DBG] ;0x13b3b20;12;0x13b3e30;0x13b3ea0;0;0.024009
[DBG] ;0x13b3e30;13;0x13b3f10;0x13b3f80;0;0.0213554
[DBG] ;0x13b3f10;14;0;0;10;0.00241754
[DBG] ;0x13b3f80;14;0;0;5;0.0189379
[DBG] ;0x13b3ea0;13;0;0;10;0.00265364
[DBG] ;0x13b3a40;11;0;0;2;0
[DBG] ;0x13b3960;10;0;0;0;0
[DBG] ;0x13b2fc0;8;0x13b3ff0;0x13b4060;0;0.140791
[DBG] ;0x13b3ff0;9;0x13b40d0;0x13b4140;0;0.181016
[DBG] ;0x13b40d0;10;0x13b41b0;0x13b4220;0;0.172442
[DBG] ;0x13b41b0;11;0;0;4;0.0629182
[DBG] ;0x13b4220;11;0x13b4290;0x13b4300;0;0.109524
[DBG] ;0x13b4290;12;0x13b4370;0x13b43e0;0;0.198766
[DBG] ;0x13b4370;13;0;0;3;0.0197668
[DBG] ;0x13b43e0;13;0;0;10;0.178999
[DBG] ;0x13b4300;12;0;0;0;-0.0892424
[DBG] ;0x13b4140;10;0;0;0;0.00857452
[DBG] ;0x13b4060;9;0;0;9;-0.0402251
[DBG] ;0x13b2ee0;7;0;0;0;-0.0165325
[DBG] ;0x13aed40;4;0x13b4450;0x13b44c0;0;0.440934
[DBG] ;0x13b4450;5;0x13b4db0;0x13b4e20;0;0.201836
[DBG] ;0x13b4db0;6;0x13b5070;0x13b50e0;0;0.15367
[DBG] ;0x13b5070;7;0x13b5150;0x13b51c0;0;0.0186897
[DBG] ;0x13b5150;8;0x13b5230;0x13b52a0;0;0.0186897
[DBG] ;0x13b5230;9;0x13b5310;0x13b5380;0;0.0186897
[DBG] ;0x13b5310;10;0x13b53f0;0x13b5460;0;0.0186897
[DBG] ;0x13b53f0;11;0x13b54d0;0x13b5540;0;0.0186897
[DBG] ;0x13b54d0;12;0x13b55b0;0x13b5620;0;0.0186897
[DBG] ;0x13b55b0;13;0x13b5690;0x13b5700;0;0.0186897
[DBG] ;0x13b5690;14;0x13b5770;0x13b57e0;0;0.0186897
[DBG] ;0x13b5770;15;0;0;13;0.0186897
[DBG] ;0x13b57e0;15;0;0;8;0
[DBG] ;0x13b5700;14;0;0;7;0
[DBG] ;0x13b5620;13;0;0;9;0
[DBG] ;0x13b5540;12;0;0;8;0
[DBG] ;0x13b5460;11;0;0;7;0
[DBG] ;0x13b5380;10;0;0;9;0
[DBG] ;0x13b52a0;9;0;0;8;0
[DBG] ;0x13b51c0;8;0;0;7;0
[DBG] ;0x13b50e0;7;0x13b5850;0x13b58c0;0;0.134981
[DBG] ;0x13b5850;8;0x13b5dd0;0x13b5e40;0;0.141211
[DBG] ;0x13b5dd0;9;0x13b6150;0x13b61c0;0;0.166502
[DBG] ;0x13b6150;10;0x13b6230;0x13b62a0;0;0.0102463
[DBG] ;0x13b6230;11;0x13b6310;0x13b6380;0;0.0102463
[DBG] ;0x13b6310;12;0x13b63f0;0x13b6460;0;0.0102463
[DBG] ;0x13b63f0;13;0x13b64d0;0x13b6540;0;0.0102463
[DBG] ;0x13b64d0;14;0x13b65b0;0x13b6620;0;0.0102463
[DBG] ;0x13b65b0;15;0;0;13;0.0102463
[DBG] ;0x13b6620;15;0;0;4;0
[DBG] ;0x13b6540;14;0;0;2;0
[DBG] ;0x13b6460;13;0x13b6690;0x13b6700;0;0
[DBG] ;0x13b6690;14;0x13b6770;0x13b67e0;0;0
[DBG] ;0x13b6770;15;0;0;11;0
[DBG] ;0x13b67e0;15;0;0;8;0
[DBG] ;0x13b6700;14;0;0;0;-0
[DBG] ;0x13b6380;12;0;0;4;0
[DBG] ;0x13b62a0;11;0;0;2;0
[DBG] ;0x13b61c0;10;0x13b6850;0x13b68c0;0;0.156256
[DBG] ;0x13b6850;11;0x13b6d90;0x13b6e00;0;0.174639
[DBG] ;0x13b6d90;12;0;0;7;0.0994777
[DBG] ;0x13b6e00;12;0x13b6fd0;0x13b7040;0;0.0751611
[DBG] ;0x13b6fd0;13;0x13b70b0;0x13b7120;0;0.0665359
[DBG] ;0x13b70b0;14;0x13b71b0;0x13b7220;0;0.0630341
[DBG] ;0x13b71b0;15;0;0;15;0.00370789
[DBG] ;0x13b7220;15;0;0;61;0.0593262
[DBG] ;0x13b7120;14;0;0;5;0.00350189
[DBG] ;0x13b7040;13;0;0;7;0.00862511
[DBG] ;0x13b68c0;11;0;0;4;-0.018383
[DBG] ;0x13b5e40;9;0;0;4;-0.0252915
[DBG] ;0x13b58c0;8;0x13b7450;0x13b74c0;0;-0.00623001
[DBG] ;0x13b7450;9;0;0;4;-0.00418433
[DBG] ;0x13b74c0;9;0x13b7530;0x13b75a0;0;-0.00204568
[DBG] ;0x13b7530;10;0x13b7610;0x13b7680;0;-0.00182537
[DBG] ;0x13b7610;11;0x13b76f0;0x13b7760;0;0.00243378
[DBG] ;0x13b76f0;12;0;0;5;0.000221252
[DBG] ;0x13b7760;12;0x13b77d0;0x13b7840;0;0.00221252
[DBG] ;0x13b77d0;13;0;0;5;0.000801089
[DBG] ;0x13b7840;13;0;0;9;0.00141144
[DBG] ;0x13b7680;11;0;0;5;-0.00425915
[DBG] ;0x13b75a0;10;0;0;3;-0.000220305
[DBG] ;0x13b4e20;6;0x13b78b0;0x13b7920;0;0.0481655
[DBG] ;0x13b78b0;7;0x13b7dd0;0x13b7e40;0;0.00846153
[DBG] ;0x13b7dd0;8;0x13b7eb0;0x13b7f20;0;0.00885207
[DBG] ;0x13b7eb0;9;0x13b7f90;0x13b8000;0;0.00505831
[DBG] ;0x13b7f90;10;0x13b8170;0x13b81e0;0;0.00505831
[DBG] ;0x13b8170;11;0x13b8250;0x13b82c0;0;0.00505831
[DBG] ;0x13b8250;12;0x13b8530;0x13b85a0;0;0.00505831
[DBG] ;0x13b8530;13;0x13b8890;0x13b8900;0;0.00505831
[DBG] ;0x13b8890;14;0x13b8970;0x13b89e0;0;0.00505831
[DBG] ;0x13b8970;15;0;0;42;0.00505831
[DBG] ;0x13b89e0;15;0;0;21;0
[DBG] ;0x13b8900;14;0;0;2;0
[DBG] ;0x13b85a0;13;0x13b8c50;0x13b8cc0;0;0
[DBG] ;0x13b8c50;14;0;0;2;0
[DBG] ;0x13b8cc0;14;0x13b8d30;0x13b8da0;0;0
[DBG] ;0x13b8d30;15;0;0;11;0
[DBG] ;0x13b8da0;15;0;0;7;0
[DBG] ;0x13b82c0;12;0x13b8e10;0x13b8e80;0;0
[DBG] ;0x13b8e10;13;0x13b8ef0;0x13b8f60;0;0
[DBG] ;0x13b8ef0;14;0x13b8fd0;0x13b9040;0;0
[DBG] ;0x13b8fd0;15;0;0;21;0.0016861
[DBG] ;0x13b9040;15;0;0;13;-0.0016861
[DBG] ;0x13b8f60;14;0;0;2;0
[DBG] ;0x13b8e80;13;0;0;8;0
[DBG] ;0x13b81e0;11;0;0;2;0
[DBG] ;0x13b8000;10;0x13b9210;0x13b9280;0;0
[DBG] ;0x13b9210;11;0;0;2;0
[DBG] ;0x13b9280;11;0x13b92f0;0x13b9360;0;0
[DBG] ;0x13b92f0;12;0x13b93d0;0x13b9440;0;0
[DBG] ;0x13b93d0;13;0x13b94b0;0x13b9520;0;0.0049591
[DBG] ;0x13b94b0;14;0;0;10;0.00160217
[DBG] ;0x13b9520;14;0;0;2;0.00335693
[DBG] ;0x13b9440;13;0;0;0;-0.0049591
[DBG] ;0x13b9360;12;0;0;7;0
[DBG] ;0x13b7f20;9;0x13b9590;0x13b9600;0;0.00379376
[DBG] ;0x13b9590;10;0x13b99d0;0x13b9a40;0;0.00379376
[DBG] ;0x13b99d0;11;0x13b9ab0;0x13b9b20;0;0.00379376
[DBG] ;0x13b9ab0;12;0x13b9db0;0x13b9e20;0;0.0016861
[DBG] ;0x13b9db0;13;0x13b9f70;0x13b9fe0;0;0.0016861
[DBG] ;0x13b9f70;14;0x13ba050;0x13ba0c0;0;0.0016861
[DBG] ;0x13ba050;15;0;0;26;0.0016861
[DBG] ;0x13ba0c0;15;0;0;16;0
[DBG] ;0x13b9fe0;14;0;0;2;0
[DBG] ;0x13b9e20;13;0;0;10;0
[DBG] ;0x13b9b20;12;0x13ba370;0x13ba3e0;0;0.00210766
[DBG] ;0x13ba370;13;0x13ba470;0x13ba4e0;0;0.00518806
[DBG] ;0x13ba470;14;0;0;3;0.00022889
[DBG] ;0x13ba4e0;14;0x13ba550;0x13ba5c0;0;0.00495917
[DBG] ;0x13ba550;15;0;0;18;0.0198364
[DBG] ;0x13ba5c0;15;0;0;0;-0.0148772
[DBG] ;0x13ba3e0;13;0;0;0;-0.0030804
[DBG] ;0x13b9a40;11;0;0;3;0
[DBG] ;0x13b9600;10;0;0;10;0
[DBG] ;0x13b7e40;8;0;0;3;-0.000390541
[DBG] ;0x13b7920;7;0x13ba670;0x13ba6e0;0;0.039704
[DBG] ;0x13ba670;8;0;0;2;0.00183253
[DBG] ;0x13ba6e0;8;0x13ba7d0;0x13ba840;0;0.0378714
[DBG] ;0x13ba7d0;9;0x13baa50;0x13baac0;0;0.0144272
[DBG] ;0x13baa50;10;0x13babf0;0x13bac60;0;0.00473021
[DBG] ;0x13babf0;11;0x13bacd0;0x13bad40;0;0.00160217
[DBG] ;0x13bacd0;12;0x13badb0;0x13bae20;0;0.00160217
[DBG] ;0x13badb0;13;0x13bae90;0x13baf00;0;0.00160217
[DBG] ;0x13bae90;14;0x13baf70;0x13bafe0;0;0.00160217
[DBG] ;0x13baf70;15;0;0;13;0.00160217
[DBG] ;0x13bafe0;15;0;0;6;0
[DBG] ;0x13baf00;14;0;0;3;0
[DBG] ;0x13bae20;13;0;0;3;0
[DBG] ;0x13bad40;12;0;0;6;0
[DBG] ;0x13bac60;11;0x13bb050;0x13bb0c0;0;0.00312805
[DBG] ;0x13bb050;12;0x13bb230;0x13bb2a0;0;0.000391031
[DBG] ;0x13bb230;13;0;0;8;0.000175965
[DBG] ;0x13bb2a0;13;0;0;8;0.000215066
[DBG] ;0x13bb0c0;12;0x13bb310;0x13bb380;0;0.00273702
[DBG] ;0x13bb310;13;0;0;10;0.00232647
[DBG] ;0x13bb380;13;0;0;4;0.000410544
[DBG] ;0x13baac0;10;0;0;5;0.00969695
[DBG] ;0x13ba840;9;0x13bb410;0x13bb480;0;0.0234443
[DBG] ;0x13bb410;10;0x13bb5d0;0x13bb640;0;0.00768664
[DBG] ;0x13bb5d0;11;0;0;6;0.00161171
[DBG] ;0x13bb640;11;0;0;7;0.00607493
[DBG] ;0x13bb480;10;0;0;0;0.0157576
[DBG] ;0x13b44c0;5;0x13bb6b0;0x13bb720;0;0.239098
[DBG] ;0x13bb6b0;6;0x13bbb30;0x13bbba0;0;0.214645
[DBG] ;0x13bbb30;7;0;0;10;0.037708
[DBG] ;0x13bbba0;7;0x13bbc10;0x13bbc80;0;0.176937
[DBG] ;0x13bbc10;8;0x13bbd10;0x13bbd80;0;0.0252768
[DBG] ;0x13bbd10;9;0;0;5;0.0143982
[DBG] ;0x13bbd80;9;0x13bbe30;0x13bbea0;0;0.0108786
[DBG] ;0x13bbe30;10;0x13bbf10;0x13bbf80;0;0.00963026
[DBG] ;0x13bbf10;11;0x13bc170;0x13bc1e0;0;0.00612837
[DBG] ;0x13bc170;12;0;0;5;0.000360492
[DBG] ;0x13bc1e0;12;0x13bc250;0x13bc2c0;0;0.00576788
[DBG] ;0x13bc250;13;0x13bc330;0x13bc3a0;0;0.00181582
[DBG] ;0x13bc330;14;0x13bc410;0x13bc480;0;0.00181582
[DBG] ;0x13bc410;15;0;0;8;0.00113489
[DBG] ;0x13bc480;15;0;0;9;0.000680932
[DBG] ;0x13bc3a0;14;0;0;4;0
[DBG] ;0x13bc2c0;13;0;0;10;0.00395206
[DBG] ;0x13bbf80;11;0x13bc4f0;0x13bc560;0;0.00350189
[DBG] ;0x13bc4f0;12;0;0;4;0.000205994
[DBG] ;0x13bc560;12;0;0;10;0.0032959
[DBG] ;0x13bbea0;10;0;0;3;0.00124838
[DBG] ;0x13bbc80;8;0x13bc630;0x13bc6a0;0;0.15166
[DBG] ;0x13bc630;9;0x13bc790;0x13bc800;0;0.15166
[DBG] ;0x13bc790;10;0;0;4;0.042266
[DBG] ;0x13bc800;10;0;0;8;0.109394
[DBG] ;0x13bc6a0;9;0;0;2;0
[DBG] ;0x13bb720;6;0x13bc890;0x13bc900;0;0.0244534
[DBG] ;0x13bc890;7;0;0;8;0.00429588
[DBG] ;0x13bc900;7;0;0;4;0.0201575
[DBG] ;0x13a9d60;3;0x13bc970;0x13bc9e0;0;2.2094
[DBG] ;0x13bc970;4;0x13c0410;0x13c0480;0;1.8397
[DBG] ;0x13c0410;5;0x13c0770;0x13c07e0;0;0.0388678
[DBG] ;0x13c0770;6;0;0;9;0.0014949
[DBG] ;0x13c07e0;6;0x13c0850;0x13c08c0;0;0.0373729
[DBG] ;0x13c0850;7;0x13c0930;0x13c09a0;0;0.030399
[DBG] ;0x13c0930;8;0x13c0a10;0x13c0a80;0;0.131726
[DBG] ;0x13c0a10;9;0;0;5;0.0263451
[DBG] ;0x13c0a80;9;0x13c0af0;0x13c0b60;0;0.10538
[DBG] ;0x13c0af0;10;0x13c0bd0;0x13c0c40;0;0.0309943
[DBG] ;0x13c0bd0;11;0x13c0cb0;0x13c0d20;0;0.00953674
[DBG] ;0x13c0cb0;12;0;0;9;0.00524521
[DBG] ;0x13c0d20;12;0;0;7;0.00429153
[DBG] ;0x13c0c40;11;0;0;8;0.0214575
[DBG] ;0x13c0b60;10;0x13c0d90;0x13c0e00;0;0.0743862
[DBG] ;0x13c0d90;11;0x13c0e70;0x13c0ee0;0;0.0228882
[DBG] ;0x13c0e70;12;0;0;9;0.0125885
[DBG] ;0x13c0ee0;12;0x13c0f50;0x13c0fc0;0;0.0102997
[DBG] ;0x13c0f50;13;0x13c1030;0x13c10a0;0;0.00703811
[DBG] ;0x13c1030;14;0x13c1110;0x13c1180;0;0.00703811
[DBG] ;0x13c1110;15;0;0;4;0.00125122
[DBG] ;0x13c1180;15;0;0;12;0.00578689
[DBG] ;0x13c10a0;14;0;0;6;0
[DBG] ;0x13c0fc0;13;0;0;3;0.00326156
[DBG] ;0x13c0e00;11;0x13c11f0;0x13c1260;0;0.051498
[DBG] ;0x13c11f0;12;0;0;3;0.0226591
[DBG] ;0x13c1260;12;0;0;9;0.0288389
[DBG] ;0x13c09a0;8;0;0;10;-0.101327
[DBG] ;0x13c08c0;7;0;0;0;0.00697388
[DBG] ;0x13c0480;5;0x13c12d0;0x13c1340;0;1.80083
[DBG] ;0x13c12d0;6;0x13c24d0;0x13c2540;0;0.166231
[DBG] ;0x13c24d0;7;0x13c25b0;0x13c2620;0;0.134416
[DBG] ;0x13c25b0;8;0x13c2690;0x13c2700;0;0.0174063
[DBG] ;0x13c2690;9;0x13c2770;0x13c27e0;0;0.0174063
[DBG] ;0x13c2770;10;0x13c2850;0x13c28c0;0;0.0174063
[DBG] ;0x13c2850;11;0x13c2930;0x13c29a0;0;0.0174063
[DBG] ;0x13c2930;12;0x13c2a10;0x13c2a80;0;0.0174063
[DBG] ;0x13c2a10;13;0x13c2af0;0x13c2b60;0;0.0174063
[DBG] ;0x13c2af0;14;0x13c2bd0;0x13c2c40;0;0.0174063
[DBG] ;0x13c2bd0;15;0;0;11;0.0174063
[DBG] ;0x13c2c40;15;0;0;7;0
[DBG] ;0x13c2b60;14;0;0;1;0
[DBG] ;0x13c2a80;13;0;0;8;0
[DBG] ;0x13c29a0;12;0;0;7;0
[DBG] ;0x13c28c0;11;0;0;1;0
[DBG] ;0x13c27e0;10;0;0;8;0
[DBG] ;0x13c2700;9;0;0;7;0
[DBG] ;0x13c2620;8;0x13c2cb0;0x13c2d20;0;0.11701
[DBG] ;0x13c2cb0;9;0x13c2d90;0x13c2e00;0;0.146262
[DBG] ;0x13c2d90;10;0x13c2e70;0x13c2ee0;0;0.160975
[DBG] ;0x13c2e70;11;0;0;2;0.0478933
[DBG] ;0x13c2ee0;11;0x13c2f50;0x13c2fc0;0;0.113082
[DBG] ;0x13c2f50;12;0x13c3030;0x13c30a0;0;0.211086
[DBG] ;0x13c3030;13;0;0;2;0.0204277
[DBG] ;0x13c30a0;13;0x13c3110;0x13c3180;0;0.190659
[DBG] ;0x13c3110;14;0x13c31f0;0x13c3260;0;0.174958
[DBG] ;0x13c31f0;15;0;0;11;0.174958
[DBG] ;0x13c3260;15;0;0;3;0
[DBG] ;0x13c3180;14;0;0;6;0.0157012
[DBG] ;0x13c2fc0;12;0;0;3;-0.0980049
[DBG] ;0x13c2e00;10;0;0;0;-0.0147128
[DBG] ;0x13c2d20;9;0;0;6;-0.0292519
[DBG] ;0x13c2540;7;0x13c32d0;0x13c3340;0;0.0318146
[DBG] ;0x13c32d0;8;0x13c33b0;0x13c3420;0;0.0123596
[DBG] ;0x13c33b0;9;0x13c3490;0x13c3500;0;0.0154494
[DBG] ;0x13c3490;10;0x13c3570;0x13c35e0;0;0.00656603
[DBG] ;0x13c3570;11;0x13c3650;0x13c36c0;0;0.00656603
[DBG] ;0x13c3650;12;0x13c3730;0x13c37a0;0;0.00656603
[DBG] ;0x13c3730;13;0x13c3810;0x13c3880;0;0.00656603
[DBG] ;0x13c3810;14;0x13c38f0;0x13c3960;0;0.00656603
[DBG] ;0x13c38f0;15;0;0;17;0.00656603
[DBG] ;0x13c3960;15;0;0;4;0
[DBG] ;0x13c3880;14;0;0;3;0
[DBG] ;0x13c37a0;13;0;0;4;0
[DBG] ;0x13c36c0;12;0;0;4;0
[DBG] ;0x13c35e0;11;0;0;3;0
[DBG] ;0x13c3500;10;0;0;4;0.00888339
[DBG] ;0x13c3420;9;0;0;4;-0.00308983
[DBG] ;0x13c3340;8;0;0;8;0.019455
[DBG] ;0x13c1340;6;0x13c39d0;0x13c3a40;0;1.6346
[DBG] ;0x13c39d0;7;0x13c3d50;0x13c3dc0;0;1.45472
[DBG] ;0x13c3d50;8;0x13c40d0;0x13c4140;0;0.565142
[DBG] ;0x13c40d0;9;0x13c41b0;0x13c4220;0;0.0143677
[DBG] ;0x13c41b0;10;0x13c4290;0x13c4300;0;0.0143677
[DBG] ;0x13c4290;11;0x13c4370;0x13c43e0;0;0.0143677
[DBG] ;0x13c4370;12;0x13c4450;0x13c44c0;0;0.0143677
[DBG] ;0x13c4450;13;0x13c4530;0x13c45a0;0;0.0143677
[DBG] ;0x13c4530;14;0x13c4610;0x13c4680;0;0.0143677
[DBG] ;0x13c4610;15;0;0;12;0.0143677
[DBG] ;0x13c4680;15;0;0;8;0
[DBG] ;0x13c45a0;14;0;0;1;0
[DBG] ;0x13c44c0;13;0;0;0;0
[DBG] ;0x13c43e0;12;0;0;8;0
[DBG] ;0x13c4300;11;0;0;1;0
[DBG] ;0x13c4220;10;0;0;0;0
[DBG] ;0x13c4140;9;0x13c46f0;0x13c4760;0;0.550774
[DBG] ;0x13c46f0;10;0x13c47d0;0x13c4840;0;0.550774
[DBG] ;0x13c47d0;11;0x13c48b0;0x13c4920;0;0.550774
[DBG] ;0x13c48b0;12;0;0;9;0.0622617
[DBG] ;0x13c4920;12;0x13c4990;0x13c4a00;0;0.488512
[DBG] ;0x13c4990;13;0x13c4a70;0x13c4ae0;0;0.485886
[DBG] ;0x13c4a70;14;0x13c4bb0;0x13c4c20;0;0.386909
[DBG] ;0x13c4bb0;15;0;0;9;0.00758598
[DBG] ;0x13c4c20;15;0;0;179;0.379323
[DBG] ;0x13c4ae0;14;0x13c4c90;0x13c4d00;0;0.0989764
[DBG] ;0x13c4c90;15;0;0;4;0.0349329
[DBG] ;0x13c4d00;15;0;0;112;0.0640435
[DBG] ;0x13c4a00;13;0;0;4;0.00262657
[DBG] ;0x13c4840;11;0x13c4d70;0x13c4de0;0;0
[DBG] ;0x13c4d70;12;0;0;4;0
[DBG] ;0x13c4de0;12;0x13c4e50;0x13c4ec0;0;0
[DBG] ;0x13c4e50;13;0x13c4f30;0x13c4fa0;0;0
[DBG] ;0x13c4f30;14;0x13c1d20;0x13adf20;0;0.0640442
[DBG] ;0x13c1d20;15;0;0;6;0.0155259
[DBG] ;0x13adf20;15;0;0;60;0.0485183
[DBG] ;0x13c4fa0;14;0x13aae20;0x13aac20;0;-0.0640442
[DBG] ;0x13aae20;15;0;0;5;-0.0320221
[DBG] ;0x13aac20;15;0;0;15;-0.0320221
[DBG] ;0x13c4ec0;13;0;0;3;0
[DBG] ;0x13c4760;10;0;0;0;0
[DBG] ;0x13c3dc0;8;0x13ac7e0;0x13ad820;0;0.889578
[DBG] ;0x13ac7e0;9;0x13c5dd0;0x13c5e40;0;0.0226159
[DBG] ;0x13c5dd0;10;0x13c5eb0;0x13c5f20;0;0.0226159
[DBG] ;0x13c5eb0;11;0;0;3;0.000266087
[DBG] ;0x13c5f20;11;0x13c5f90;0x13c6000;0;0.0223498
[DBG] ;0x13c5f90;12;0x13c6070;0x13c60e0;0;0.186252
[DBG] ;0x13c6070;13;0x13c6150;0x13c61c0;0;0.186252
[DBG] ;0x13c6150;14;0;0;3;0.0820398
[DBG] ;0x13c61c0;14;0;0;10;0.104212
[DBG] ;0x13c60e0;13;0;0;0;0
[DBG] ;0x13c6000;12;0;0;6;-0.163902
[DBG] ;0x13c5e40;10;0;0;0;0
[DBG] ;0x13ad820;9;0x13c6230;0x13c62a0;0;0.866962
[DBG] ;0x13c6230;10;0x13c6310;0x13c6380;0;0.866962
[DBG] ;0x13c6310;11;0x13c64b0;0x13c6520;0;0.387584
[DBG] ;0x13c64b0;12;0;0;9;0.0741465
[DBG] ;0x13c6520;12;0x13c6930;0x13c69a0;0;0.313437
[DBG] ;0x13c6930;13;0x13c6a10;0x13c6a80;0;0.311752
[DBG] ;0x13c6a10;14;0x13c6af0;0x13c6b60;0;0.254324
[DBG] ;0x13c6af0;15;0;0;16;0.0738362
[DBG] ;0x13c6b60;15;0;0;190;0.180488
[DBG] ;0x13c6a80;14;0x13c7210;0x13c7280;0;0.0574283
[DBG] ;0x13c7210;15;0;0;25;0.0382856
[DBG] ;0x13c7280;15;0;0;36;0.0191428
[DBG] ;0x13c69a0;13;0;0;6;0.00168525
[DBG] ;0x13c6380;11;0x13c72f0;0x13c7360;0;0.479378
[DBG] ;0x13c72f0;12;0x13c73d0;0x13c7440;0;0.350154
[DBG] ;0x13c73d0;13;0x13c74b0;0x13c7520;0;0.116718
[DBG] ;0x13c74b0;14;0;0;9;0.0223502
[DBG] ;0x13c7520;14;0x13c7590;0x13c7600;0;0.094368
[DBG] ;0x13c7590;15;0;0;10;0.0887508
[DBG] ;0x13c7600;15;0;0;4;0.00561721
[DBG] ;0x13c7440;13;0x13c7670;0x13c76e0;0;0.233436
[DBG] ;0x13c7670;14;0x13c7750;0x13c77c0;0;0.0447003
[DBG] ;0x13c7750;15;0;0;14;0.0447003
[DBG] ;0x13c77c0;15;0;0;4;0
[DBG] ;0x13c76e0;14;0x13c7830;0x13c78a0;0;0.188736
[DBG] ;0x13c7830;15;0;0;17;0.177502
[DBG] ;0x13c78a0;15;0;0;4;0.0112344
[DBG] ;0x13c7360;12;0x13c7910;0x13c7980;0;0.129223
[DBG] ;0x13c7910;13;0x13c79f0;0x13c7a60;0;0.0430745
[DBG] ;0x13c79f0;14;0x13c7ad0;0x13c7b40;0;0.00824826
[DBG] ;0x13c7ad0;15;0;0;5;0.00026609
[DBG] ;0x13c7b40;15;0;0;15;0.00798217
[DBG] ;0x13c7a60;14;0;0;10;0.0348262
[DBG] ;0x13c7980;13;0x13c7bb0;0x13c7c20;0;0.0861489
[DBG] ;0x13c7bb0;14;0x13c7c90;0x13c7d00;0;0.0164965
[DBG] ;0x13c7c90;15;0;0;6;0.000532179
[DBG] ;0x13c7d00;15;0;0;19;0.0159643
[DBG] ;0x13c7c20;14;0x13c7d70;0x13c7de0;0;0.0696524
[DBG] ;0x13c7d70;15;0;0;7;0.0359497
[DBG] ;0x13c7de0;15;0;0;11;0.0337027
[DBG] ;0x13c62a0;10;0;0;0;0
[DBG] ;0x13c3a40;7;0;0;0;0.179884
[DBG] ;0x13bc9e0;4;0;0;0;0.369702
